-- phpMyAdmin SQL Dump
-- version 5.2.1
-- https://www.phpmyadmin.net/
--
-- Máy chủ: 127.0.0.1
-- Thời gian đã tạo: Th9 09, 2025 lúc 01:11 PM
-- Phiên bản máy phục vụ: 10.4.32-MariaDB
-- Phiên bản PHP: 8.2.12

SET SQL_MODE = "NO_AUTO_VALUE_ON_ZERO";
START TRANSACTION;
SET time_zone = "+00:00";


/*!40101 SET @OLD_CHARACTER_SET_CLIENT=@@CHARACTER_SET_CLIENT */;
/*!40101 SET @OLD_CHARACTER_SET_RESULTS=@@CHARACTER_SET_RESULTS */;
/*!40101 SET @OLD_COLLATION_CONNECTION=@@COLLATION_CONNECTION */;
/*!40101 SET NAMES utf8mb4 */;

--
-- Cơ sở dữ liệu: `cuahang_db`
--

-- --------------------------------------------------------

--
-- Cấu trúc bảng cho bảng `chi_tiet_hoa_don_ban`
--

CREATE TABLE `chi_tiet_hoa_don_ban` (
  `id` int(11) NOT NULL,
  `id_hoa_don` int(11) DEFAULT NULL,
  `id_san_pham` int(11) DEFAULT NULL,
  `so_luong` int(11) DEFAULT NULL,
  `don_gia` decimal(10,2) DEFAULT NULL
) ENGINE=InnoDB DEFAULT CHARSET=utf8mb4 COLLATE=utf8mb4_unicode_ci;

--
-- Đang đổ dữ liệu cho bảng `chi_tiet_hoa_don_ban`
--

INSERT INTO `chi_tiet_hoa_don_ban` (`id`, `id_hoa_don`, `id_san_pham`, `so_luong`, `don_gia`) VALUES
(1, 1, 168, 2, 27000.00),
(2, 1, 191, 3, 17000.00),
(3, 1, 197, 3, 35000.00),
(4, 2, 166, 5, 30000.00),
(5, 3, 166, 4, 30000.00),
(6, 3, 175, 6, 37000.00),
(7, 3, 183, 8, 26000.00),
(8, 3, 174, 3, 38000.00),
(9, 3, 190, 8, 26000.00),
(10, 4, 174, 2, 38000.00),
(11, 4, 179, 7, 7000.00),
(12, 5, 191, 7, 17000.00),
(13, 6, 163, 10, 14000.00),
(14, 7, 171, 7, 38000.00),
(15, 7, 153, 5, 19000.00),
(16, 7, 155, 6, 29000.00),
(17, 7, 166, 9, 30000.00),
(18, 8, 175, 2, 37000.00),
(19, 9, 156, 10, 40000.00),
(20, 9, 151, 2, 40000.00),
(21, 10, 181, 10, 35000.00),
(22, 10, 187, 9, 40000.00),
(23, 10, 167, 8, 30000.00),
(24, 10, 182, 7, 20000.00),
(25, 11, 195, 4, 43000.00),
(26, 11, 184, 4, 41000.00),
(27, 12, 167, 5, 30000.00),
(28, 12, 188, 6, 20000.00),
(29, 13, 178, 8, 20000.00),
(30, 14, 195, 8, 43000.00),
(31, 14, 172, 6, 38000.00),
(32, 14, 200, 5, 22000.00),
(33, 14, 200, 4, 22000.00),
(34, 15, 185, 1, 25000.00),
(36, 15, 154, 6, 43000.00),
(37, 15, 189, 10, 19000.00),
(38, 16, 193, 2, 28000.00),
(39, 16, 199, 8, 21000.00),
(40, 16, 173, 6, 20000.00),
(41, 17, 167, 10, 30000.00),
(42, 17, 174, 1, 38000.00),
(43, 17, 154, 9, 43000.00),
(44, 17, 164, 7, 21000.00),
(45, 17, 197, 6, 35000.00),
(46, 18, 169, 6, 12000.00),
(47, 18, 185, 4, 25000.00),
(48, 18, 185, 3, 25000.00),
(49, 18, 161, 8, 42000.00),
(50, 19, 198, 1, 39000.00),
(51, 19, 185, 7, 25000.00),
(52, 19, 174, 9, 38000.00),
(53, 20, 180, 4, 49000.00),
(54, 20, 161, 2, 42000.00),
(55, 20, 156, 2, 40000.00),
(56, 20, 166, 10, 30000.00),
(58, 21, 180, 10, 49000.00),
(59, 21, 161, 3, 42000.00),
(60, 22, 168, 3, 27000.00),
(61, 22, 192, 9, 5000.00),
(62, 22, 191, 7, 17000.00),
(63, 22, 197, 9, 35000.00),
(64, 23, 187, 1, 40000.00),
(65, 23, 183, 1, 26000.00),
(66, 23, 180, 1, 49000.00),
(67, 23, 170, 7, 18000.00),
(68, 23, 167, 6, 30000.00),
(69, 24, 172, 6, 38000.00),
(70, 24, 170, 4, 18000.00),
(71, 24, 164, 1, 21000.00),
(72, 24, 179, 9, 7000.00),
(73, 24, 198, 7, 39000.00),
(74, 25, 182, 4, 20000.00),
(75, 26, 166, 9, 30000.00),
(76, 26, 162, 6, 7000.00),
(77, 26, 181, 10, 35000.00),
(78, 27, 194, 3, 16000.00),
(79, 27, 189, 3, 19000.00),
(80, 27, 184, 8, 41000.00),
(81, 27, 182, 3, 20000.00),
(82, 28, 191, 7, 17000.00),
(83, 28, 177, 5, 6000.00),
(84, 29, 189, 10, 19000.00),
(85, 29, 192, 1, 5000.00),
(86, 29, 177, 4, 6000.00),
(87, 29, 191, 1, 17000.00),
(88, 30, 165, 3, 47000.00),
(89, 30, 172, 9, 38000.00),
(90, 30, 181, 2, 35000.00),
(91, 30, 189, 2, 19000.00),
(92, 30, 167, 9, 30000.00),
(93, 31, 175, 6, 37000.00),
(94, 32, 163, 5, 14000.00),
(95, 32, 173, 2, 20000.00),
(96, 33, 153, 2, 19000.00),
(97, 33, 189, 8, 19000.00),
(98, 33, 173, 6, 20000.00),
(99, 33, 190, 9, 26000.00),
(100, 34, 161, 5, 42000.00),
(101, 34, 161, 8, 42000.00),
(102, 34, 159, 2, 21000.00),
(103, 34, 168, 3, 27000.00),
(104, 35, 165, 7, 47000.00),
(105, 35, 156, 10, 40000.00),
(106, 36, 179, 1, 7000.00),
(107, 36, 187, 9, 40000.00),
(108, 36, 192, 6, 5000.00),
(109, 37, 154, 6, 43000.00),
(110, 38, 191, 1, 17000.00),
(111, 38, 194, 9, 16000.00),
(112, 38, 170, 7, 18000.00),
(113, 38, 182, 2, 20000.00),
(114, 39, 177, 5, 6000.00),
(115, 40, 182, 2, 20000.00),
(116, 40, 163, 5, 14000.00),
(117, 40, 155, 5, 29000.00),
(118, 40, 159, 10, 21000.00),
(119, 40, 181, 7, 35000.00),
(120, 41, 172, 6, 38000.00),
(121, 41, 199, 9, 21000.00),
(122, 41, 161, 2, 42000.00),
(123, 41, 181, 1, 35000.00),
(124, 41, 168, 8, 27000.00),
(125, 42, 173, 7, 20000.00),
(126, 43, 198, 1, 39000.00),
(127, 43, 170, 3, 18000.00),
(128, 43, 171, 9, 38000.00),
(129, 43, 161, 3, 42000.00),
(130, 43, 156, 4, 40000.00),
(131, 44, 174, 4, 38000.00),
(132, 44, 166, 1, 30000.00),
(133, 44, 158, 9, 12000.00),
(134, 45, 194, 7, 16000.00),
(135, 45, 152, 10, 35000.00),
(136, 45, 177, 7, 6000.00),
(137, 45, 195, 10, 43000.00),
(138, 45, 183, 9, 26000.00),
(139, 46, 163, 2, 14000.00),
(140, 47, 167, 9, 30000.00),
(142, 47, 159, 8, 21000.00),
(143, 47, 182, 1, 20000.00),
(144, 47, 161, 5, 42000.00),
(145, 48, 156, 10, 40000.00),
(146, 49, 162, 3, 7000.00),
(147, 49, 193, 2, 28000.00),
(148, 49, 158, 4, 12000.00),
(149, 49, 167, 6, 30000.00),
(150, 50, 178, 5, 20000.00),
(152, 50, 198, 2, 39000.00),
(153, 111, 155, 1, 29000.00),
(154, 112, 156, 1, 40000.00),
(155, 113, 154, 1, 43000.00),
(156, 114, 156, 1, 40000.00),
(160, 117, 151, 1, 40000.00),
(161, 118, 155, 1, 29000.00),
(162, 119, 162, 3, 7000.00),
(163, 120, 151, 4, 40000.00),
(164, 120, 152, 1, 35000.00),
(165, 121, 151, 1, 40000.00),
(166, 121, 152, 1, 35000.00),
(167, 121, 153, 1, 19000.00),
(168, 121, 154, 1, 43000.00),
(169, 121, 155, 1, 29000.00),
(170, 122, 162, 1, 7000.00),
(171, 123, 154, 2, 43000.00),
(172, 123, 155, 1, 29000.00),
(173, 123, 156, 1, 40000.00),
(174, 123, 158, 1, 12000.00),
(175, 123, 159, 1, 21000.00),
(176, 123, 161, 1, 42000.00),
(177, 124, 158, 1, 12000.00),
(178, 125, 154, 1, 43000.00),
(179, 126, 151, 1, 40000.00),
(180, 127, 162, 1, 7000.00);

-- --------------------------------------------------------

--
-- Cấu trúc bảng cho bảng `chi_tiet_phieu_nhap`
--

CREATE TABLE `chi_tiet_phieu_nhap` (
  `id` int(11) NOT NULL,
  `id_phieu_nhap` int(11) DEFAULT NULL,
  `id_san_pham` int(11) DEFAULT NULL,
  `so_luong_nhap` int(11) DEFAULT NULL,
  `gia_nhap` decimal(10,2) DEFAULT NULL
) ENGINE=InnoDB DEFAULT CHARSET=utf8mb4 COLLATE=utf8mb4_unicode_ci;

--
-- Đang đổ dữ liệu cho bảng `chi_tiet_phieu_nhap`
--

INSERT INTO `chi_tiet_phieu_nhap` (`id`, `id_phieu_nhap`, `id_san_pham`, `so_luong_nhap`, `gia_nhap`) VALUES
(1, 1, 199, 75, 20345.00),
(2, 1, 186, 92, 47446.00),
(3, 1, 200, 31, 21318.00),
(4, 1, 161, 54, 41273.00),
(6, 2, 180, 26, 47025.00),
(7, 3, 163, 19, 12892.00),
(8, 3, 190, 95, 24214.00),
(9, 3, 156, 64, 39461.00),
(10, 3, 198, 83, 38208.00),
(11, 4, 167, 47, 28966.00),
(12, 4, 167, 21, 29009.00),
(13, 5, 165, 92, 45016.00),
(14, 5, 200, 41, 20601.00),
(15, 5, 156, 43, 38067.00),
(16, 5, 194, 54, 15254.00),
(18, 6, 186, 60, 46915.00),
(19, 6, 182, 23, 18681.00),
(20, 6, 172, 20, 36533.00),
(21, 7, 163, 74, 12176.00),
(22, 8, 190, 83, 25050.00),
(23, 8, 186, 78, 46916.00),
(24, 8, 155, 47, 27374.00),
(25, 9, 155, 50, 28177.00),
(26, 9, 163, 48, 12882.00),
(27, 10, 190, 78, 25142.00),
(28, 10, 158, 41, 10597.00),
(29, 11, 197, 36, 33055.00),
(30, 11, 171, 93, 36335.00),
(31, 11, 159, 17, 19175.00),
(32, 12, 195, 11, 41947.00),
(33, 12, 162, 16, 5435.00),
(34, 12, 165, 17, 46403.00),
(35, 12, 177, 80, 4175.00),
(36, 13, 159, 66, 20398.00),
(37, 13, 198, 92, 38166.00),
(38, 13, 168, 97, 25485.00),
(39, 14, 154, 44, 41047.00),
(40, 15, 158, 46, 10662.00),
(41, 16, 186, 11, 47356.00),
(42, 16, 159, 63, 19663.00),
(43, 17, 181, 20, 34386.00),
(44, 17, 159, 19, 19250.00),
(45, 17, 153, 10, 18373.00),
(46, 17, 199, 92, 19798.00),
(47, 17, 165, 31, 46367.00),
(48, 18, 154, 60, 42351.00),
(49, 18, 169, 37, 10032.00),
(50, 18, 156, 68, 39214.00),
(52, 19, 155, 23, 28318.00),
(53, 19, 179, 15, 5782.00),
(54, 20, 163, 40, 12589.00),
(55, 20, 169, 56, 10623.00),
(56, 21, 161, 62, 40848.00),
(57, 21, 154, 82, 41226.00),
(58, 21, 188, 91, 18532.00),
(59, 21, 174, 39, 36415.00),
(60, 22, 181, 72, 34194.00),
(61, 22, 161, 35, 40832.00),
(62, 22, 161, 52, 41450.00),
(63, 23, 198, 56, 37592.00),
(64, 23, 200, 73, 20864.00),
(65, 23, 192, 13, 4343.00),
(66, 24, 170, 86, 16192.00),
(67, 24, 183, 68, 25391.00),
(68, 24, 168, 12, 25051.00),
(69, 24, 193, 56, 27037.00),
(70, 25, 174, 32, 37248.00),
(72, 26, 190, 31, 24729.00),
(73, 27, 191, 62, 15415.00),
(74, 27, 189, 49, 17418.00),
(75, 27, 188, 62, 18049.00),
(76, 27, 161, 23, 41217.00),
(77, 27, 166, 57, 28094.00),
(78, 28, 191, 60, 16082.00),
(79, 28, 192, 100, 3588.00),
(80, 28, 190, 81, 24293.00),
(81, 29, 161, 79, 40883.00),
(82, 29, 172, 19, 37402.00),
(83, 29, 178, 33, 18778.00),
(84, 29, 152, 17, 33015.00),
(86, 31, 154, 66, 41592.00),
(87, 31, 191, 25, 15518.00),
(88, 31, 167, 13, 28584.00),
(89, 31, 164, 18, 20494.00),
(90, 31, 167, 63, 28950.00),
(91, 32, 154, 92, 42137.00),
(92, 32, 194, 43, 15286.00),
(93, 32, 187, 45, 39135.00),
(94, 32, 189, 55, 18488.00),
(95, 32, 176, 50, 35051.00),
(96, 33, 167, 99, 29206.00),
(98, 33, 174, 64, 36570.00),
(99, 33, 198, 49, 37890.00),
(100, 34, 164, 94, 19770.00),
(101, 34, 169, 35, 11105.00),
(102, 34, 158, 17, 10507.00),
(103, 35, 187, 34, 38019.00),
(104, 35, 155, 92, 28284.00),
(105, 36, 172, 35, 37491.00),
(106, 36, 175, 31, 36244.00),
(107, 37, 198, 76, 38274.00),
(108, 37, 152, 51, 34063.00),
(109, 37, 158, 75, 10523.00),
(110, 37, 156, 86, 39311.00),
(112, 39, 158, 64, 10072.00),
(113, 39, 151, 32, 38696.00),
(114, 39, 161, 50, 41459.00),
(115, 39, 186, 29, 46125.00),
(116, 40, 156, 32, 39060.00),
(117, 41, 151, 68, 38694.00),
(118, 41, 189, 25, 17948.00),
(119, 41, 182, 59, 18517.00),
(120, 41, 198, 61, 37293.00),
(121, 42, 171, 54, 36367.00),
(122, 42, 199, 63, 19557.00),
(123, 42, 194, 60, 14891.00),
(124, 42, 156, 78, 38612.00),
(125, 43, 191, 49, 15644.00),
(127, 45, 167, 92, 28837.00),
(128, 45, 180, 60, 47467.00),
(129, 46, 171, 31, 37436.00),
(130, 47, 194, 40, 14812.00),
(131, 47, 164, 60, 19587.00),
(132, 47, 195, 28, 41989.00),
(133, 48, 194, 28, 14253.00),
(134, 48, 167, 62, 28176.00),
(135, 48, 179, 24, 5749.00),
(137, 49, 176, 76, 34265.00),
(138, 49, 193, 85, 27008.00),
(139, 49, 184, 45, 40237.00),
(140, 50, 194, 60, 15281.00),
(141, 50, 155, 63, 28475.00);

-- --------------------------------------------------------

--
-- Cấu trúc bảng cho bảng `hoa_don_ban`
--

CREATE TABLE `hoa_don_ban` (
  `id` int(11) NOT NULL,
  `id_nhan_vien` int(11) DEFAULT NULL,
  `ngay_ban` datetime DEFAULT current_timestamp(),
  `tong_tien` decimal(10,2) DEFAULT NULL,
  `tien_khach_dua` decimal(15,2) DEFAULT 0.00,
  `tien_thoi` decimal(10,0) DEFAULT 0
) ENGINE=InnoDB DEFAULT CHARSET=utf8mb4 COLLATE=utf8mb4_unicode_ci;

--
-- Đang đổ dữ liệu cho bảng `hoa_don_ban`
--

INSERT INTO `hoa_don_ban` (`id`, `id_nhan_vien`, `ngay_ban`, `tong_tien`, `tien_khach_dua`, `tien_thoi`) VALUES
(1, 24, '2025-07-19 09:39:27', 210000.00, 0.00, 0),
(2, 28, '2025-07-19 05:31:11', 150000.00, 0.00, 0),
(3, 24, '2025-07-19 12:04:26', 872000.00, 0.00, 0),
(4, 44, '2025-07-21 22:06:08', 125000.00, 0.00, 0),
(5, 23, '2025-07-12 08:06:26', 119000.00, 0.00, 0),
(6, NULL, '2025-08-02 17:22:12', 140000.00, 0.00, 0),
(7, 20, '2025-07-15 07:02:16', 805000.00, 0.00, 0),
(8, 24, '2025-07-01 19:13:42', 74000.00, 0.00, 0),
(9, 2, '2025-07-14 06:06:24', 480000.00, 0.00, 0),
(10, 44, '2025-07-18 02:01:55', 1090000.00, 0.00, 0),
(11, 50, '2025-07-09 03:25:55', 336000.00, 0.00, 0),
(12, 20, '2025-07-24 14:32:38', 270000.00, 0.00, 0),
(13, 50, '2025-07-07 00:59:47', 160000.00, 0.00, 0),
(14, 7, '2025-07-06 23:34:59', 770000.00, 0.00, 0),
(15, 28, '2025-07-04 17:22:17', 525000.00, 0.00, 0),
(16, 26, '2025-07-07 17:03:40', 344000.00, 0.00, 0),
(17, NULL, '2025-07-26 19:36:43', 1082000.00, 0.00, 0),
(18, 44, '2025-08-06 23:06:16', 583000.00, 0.00, 0),
(19, 26, '2025-07-27 21:19:20', 556000.00, 0.00, 0),
(20, 7, '2025-07-01 19:25:48', 660000.00, 0.00, 0),
(21, 7, '2025-07-30 16:05:08', 798000.00, 0.00, 0),
(22, 20, '2025-08-07 09:35:38', 560000.00, 0.00, 0),
(23, 21, '2025-07-11 01:59:12', 421000.00, 0.00, 0),
(24, 50, '2025-07-31 20:40:59', 657000.00, 0.00, 0),
(25, 28, '2025-07-24 14:34:49', 80000.00, 0.00, 0),
(26, 4, '2025-07-23 05:13:51', 662000.00, 0.00, 0),
(27, 24, '2025-08-03 11:45:19', 493000.00, 0.00, 0),
(28, 11, '2025-07-29 17:38:13', 149000.00, 0.00, 0),
(29, 44, '2025-07-20 22:20:25', 236000.00, 0.00, 0),
(30, 20, '2025-07-13 10:49:25', 861000.00, 0.00, 0),
(31, 50, '2025-07-07 21:20:43', 222000.00, 0.00, 0),
(32, 21, '2025-07-30 07:20:55', 110000.00, 0.00, 0),
(33, 44, '2025-07-01 05:39:05', 544000.00, 0.00, 0),
(34, 4, '2025-08-04 08:27:57', 669000.00, 0.00, 0),
(35, 11, '2025-07-04 19:47:20', 729000.00, 0.00, 0),
(36, 24, '2025-07-17 17:30:15', 397000.00, 0.00, 0),
(37, 7, '2025-07-31 09:05:20', 258000.00, 0.00, 0),
(38, 50, '2025-07-13 09:52:17', 327000.00, 0.00, 0),
(39, 44, '2025-07-28 04:28:58', 30000.00, 0.00, 0),
(40, 24, '2025-07-24 15:06:59', 710000.00, 0.00, 0),
(41, 7, '2025-08-05 12:45:54', 752000.00, 0.00, 0),
(42, 2, '2025-07-24 03:35:58', 140000.00, 0.00, 0),
(43, 4, '2025-08-01 14:17:45', 721000.00, 0.00, 0),
(44, 44, '2025-07-22 03:51:44', 290000.00, 0.00, 0),
(45, 4, '2025-07-03 13:50:26', 1168000.00, 0.00, 0),
(46, 4, '2025-08-05 21:39:46', 28000.00, 0.00, 0),
(47, 23, '2025-07-25 06:29:27', 822000.00, 0.00, 0),
(48, 11, '2025-07-08 00:17:00', 400000.00, 0.00, 0),
(49, 44, '2025-07-19 06:38:01', 305000.00, 0.00, 0),
(50, NULL, '2025-07-31 01:14:42', 386000.00, 0.00, 0),
(101, 2, '2025-09-01 09:15:00', 550000.00, 0.00, 0),
(102, 3, '2025-09-01 11:30:00', 1230000.00, 0.00, 0),
(103, 2, '2025-09-01 14:05:00', 375000.00, 0.00, 0),
(104, 4, '2025-09-02 08:45:00', 850000.00, 0.00, 0),
(105, 1, '2025-09-02 10:20:00', 2150000.00, 0.00, 0),
(106, 5, '2025-09-02 15:00:00', 780000.00, 0.00, 0),
(107, 3, '2025-09-03 09:00:00', 1500000.00, 0.00, 0),
(108, 1, '2025-09-03 10:00:00', 980000.00, 0.00, 0),
(109, 4, '2025-09-03 10:15:00', 450000.00, 0.00, 0),
(110, 2, '2025-09-03 10:22:00', 1800000.00, 0.00, 0),
(111, 2, '2025-09-07 11:14:40', 29000.00, 100000.00, 71000),
(112, 2, '2025-09-07 11:15:06', 40000.00, 100000.00, 60000),
(113, 2, '2025-09-08 00:07:38', 43000.00, 100000.00, 57000),
(114, 2, '2025-09-08 00:10:55', 62000.00, 100000.00, 38000),
(115, 2, '2025-09-08 00:19:20', 22000.00, 600000.00, 578000),
(116, 2, '2025-09-08 00:22:39', 22000.00, 50000.00, 28000),
(117, 2, '2025-09-08 10:53:11', 40000.00, 100000.00, 60000),
(118, 2, '2025-09-08 11:06:37', 29000.00, 100000.00, 71000),
(119, 2, '2025-09-09 08:29:53', 21000.00, 100000.00, 79000),
(120, 2, '2025-09-09 09:00:36', 195000.00, 195000.00, 0),
(121, 2, '2025-09-09 09:05:52', 166000.00, 450000.00, 284000),
(122, 2, '2025-09-09 09:11:20', 7000.00, 10000.00, 3000),
(123, 2, '2025-09-09 09:11:36', 230000.00, 250000.00, 20000),
(124, 2, '2025-09-09 09:22:22', 12000.00, 100000.00, 88000),
(125, 2, '2025-09-09 09:24:24', 43000.00, 100000.00, 57000),
(126, 2, '2025-09-09 09:24:47', 40000.00, 100000.00, 60000),
(127, 2, '2025-09-09 09:41:16', 7000.00, 100000.00, 93000);

-- --------------------------------------------------------

--
-- Cấu trúc bảng cho bảng `nhan_vien`
--

CREATE TABLE `nhan_vien` (
  `id` int(11) NOT NULL,
  `ho_ten` varchar(100) NOT NULL,
  `tai_khoan` varchar(50) NOT NULL,
  `mat_khau` varchar(100) NOT NULL,
  `vai_tro` enum('quan_ly','thu_ngan','nhan_vien_kho') NOT NULL DEFAULT 'quan_ly',
  `trang_thai` enum('Đang làm','Đã nghỉ') NOT NULL DEFAULT 'Đang làm',
  `so_dien_thoai` varchar(15) DEFAULT NULL,
  `dia_chi` text DEFAULT NULL,
  `email` varchar(191) DEFAULT NULL,
  `ngay_sinh` date DEFAULT NULL,
  `ngay_vao_lam` date DEFAULT NULL
) ENGINE=InnoDB DEFAULT CHARSET=utf8mb4 COLLATE=utf8mb4_unicode_ci;

--
-- Đang đổ dữ liệu cho bảng `nhan_vien`
--

INSERT INTO `nhan_vien` (`id`, `ho_ten`, `tai_khoan`, `mat_khau`, `vai_tro`, `trang_thai`, `so_dien_thoai`, `dia_chi`, `email`, `ngay_sinh`, `ngay_vao_lam`) VALUES
(1, 'Quản Lý Chính', 'admin', '$2b$10$aU5OxQZ/nud3bBtpliO7ReGL0HmdN7iWoby03T1viWZIeDdJKNyWS', 'quan_ly', 'Đang làm', '0987654321', NULL, 'admin@example.com', '1997-08-03', '2020-07-16'),
(2, 'Trần Thu Ngân', 'thungan', '$2b$10$aU5OxQZ/nud3bBtpliO7ReGL0HmdN7iWoby03T1viWZIeDdJKNyWS', 'thu_ngan', 'Đang làm', '0912345679', 'thanh hóa', 'thungan@example.com', '2012-09-10', '2025-09-23'),
(3, 'Lê Khoa Học', 'nhanvienkho', '$2b$10$aU5OxQZ/nud3bBtpliO7ReGL0HmdN7iWoby03T1viWZIeDdJKNyWS', 'nhan_vien_kho', 'Đang làm', '0912345680', NULL, 'nhanvienkho@example.com', '2005-09-19', '2025-09-01'),
(4, 'Phạm Hải Yến 4', 'nv4', '$2b$10$mPDMSbc7tMlaYtbW7BDUEuKmpUQrEWvYKDui0APWDagzYjtsC/Owq', 'thu_ngan', 'Đang làm', '09887764359', '62 Đường d, TP.HCM', 'nv4@example.com', '1989-01-19', '2023-01-30'),
(5, 'Hoàng Thúy Nga 5', 'nv5', '$2b$10$aU5OxQZ/nud3bBtpliO7ReGL0HmdN7iWoby03T1viWZIeDdJKNyWS', 'quan_ly', 'Đang làm', '09404278545', '39 Đường e, TP.HCM', 'nv5@example.com', '1982-07-03', '2025-01-06'),
(6, 'Vũ Hoàng Long 6', 'nv6', '$2b$10$aU5OxQZ/nud3bBtpliO7ReGL0HmdN7iWoby03T1viWZIeDdJKNyWS', 'thu_ngan', 'Đang làm', '09241764310', '54 Đường f, Cần Thơ', 'nv6@example.com', '1990-12-24', '2025-03-08'),
(7, 'Tạ Lan Anh 7', 'nv7', '$2b$10$aU5OxQZ/nud3bBtpliO7ReGL0HmdN7iWoby03T1viWZIeDdJKNyWS', 'thu_ngan', 'Đang làm', '09254197506', '44 Đường g, Hải Phòng', 'nv7@example.com', '1989-11-11', '2020-05-09'),
(9, 'Phạm Hải Yến 9', 'nv9', '$2b$10$aU5OxQZ/nud3bBtpliO7ReGL0HmdN7iWoby03T1viWZIeDdJKNyWS', 'quan_ly', 'Đang làm', '09717807014', '47 Đường i, TP.HCM', 'nv9@example.com', '1997-01-20', '2024-09-30'),
(10, 'Hoàng Thúy Nga 10', 'nv10', '$2b$10$aU5OxQZ/nud3bBtpliO7ReGL0HmdN7iWoby03T1viWZIeDdJKNyWS', 'quan_ly', 'Đã nghỉ', '09500263754', '82 Đường j, Hải Phòng', 'nv10@example.com', '1996-03-20', '2023-09-13'),
(11, 'Nguyễn Minh Thư ', 'nv11', '$2b$10$aU5OxQZ/nud3bBtpliO7ReGL0HmdN7iWoby03T1viWZIeDdJKNyWS', 'quan_ly', 'Đang làm', '09436983056', ' Hà Nội', 'nv11@example.com', '1980-07-01', '2023-10-08'),
(12, 'Lê Văn Thành 12', 'nv12', '$2b$10$aU5OxQZ/nud3bBtpliO7ReGL0HmdN7iWoby03T1viWZIeDdJKNyWS', 'quan_ly', 'Đang làm', '09472109605', '69 Đường l, Hà Nội', 'nv12@example.com', '1995-02-04', '2020-04-19'),
(13, 'Ngô Đức Minh 13', 'nv13', '$2b$10$aU5OxQZ/nud3bBtpliO7ReGL0HmdN7iWoby03T1viWZIeDdJKNyWS', 'nhan_vien_kho', 'Đang làm', '09975581402', '32 Đường m, Hải Phòng', 'nv13@example.com', '1980-07-30', '2023-10-11'),
(14, 'Hoàng Thúy Nga 14', 'nv14', '$2b$10$aU5OxQZ/nud3bBtpliO7ReGL0HmdN7iWoby03T1viWZIeDdJKNyWS', 'quan_ly', 'Đang làm', '09753626037', '81 Đường n, TP.HCM', 'nv14@example.com', '1986-10-20', '2024-07-20'),
(15, 'Đặng Quang Huy 15', 'nv15', '$2b$10$aU5OxQZ/nud3bBtpliO7ReGL0HmdN7iWoby03T1viWZIeDdJKNyWS', 'quan_ly', 'Đang làm', '09415753397', '67 Đường o, Hà Nội', 'nv15@example.com', '1983-04-02', '2020-03-16'),
(16, 'Phạm Hải Yến 16', 'nv16', '$2b$10$aU5OxQZ/nud3bBtpliO7ReGL0HmdN7iWoby03T1viWZIeDdJKNyWS', 'nhan_vien_kho', 'Đang làm', '09613848793', '43 Đường p, Đà Nẵng', 'nv16@example.com', '1980-07-21', '2023-04-17'),
(17, 'Phạm Hải Yến 17', 'nv17', '$2b$10$aU5OxQZ/nud3bBtpliO7ReGL0HmdN7iWoby03T1viWZIeDdJKNyWS', 'quan_ly', 'Đã nghỉ', '09198228092', '87 Đường q, Cần Thơ', 'nv17@example.com', '1991-07-04', '2023-06-19'),
(18, 'Trần Thu Hằng 18', 'nv18', '$2b$10$aU5OxQZ/nud3bBtpliO7ReGL0HmdN7iWoby03T1viWZIeDdJKNyWS', 'nhan_vien_kho', 'Đang làm', '09802140597', '27 Đường r, Cần Thơ', 'nv18@example.com', '1986-06-18', '2025-03-12'),
(19, 'Hoàng Thúy Nga 19', 'nv19', '$2b$10$aU5OxQZ/nud3bBtpliO7ReGL0HmdN7iWoby03T1viWZIeDdJKNyWS', 'quan_ly', 'Đang làm', '09210378532', '2 Đường s, Hà Nội', 'nv19@example.com', '1999-06-02', '2021-07-13'),
(20, 'Nguyễn Minh Thư 20', 'nv20', '$2b$10$aU5OxQZ/nud3bBtpliO7ReGL0HmdN7iWoby03T1viWZIeDdJKNyWS', 'thu_ngan', 'Đang làm', '09784154259', '56 Đường t, Hải Phòng', 'nv20@example.com', '1982-06-05', '2024-04-15'),
(21, 'Lê Văn Thành 21', 'nv21', '$2b$10$aU5OxQZ/nud3bBtpliO7ReGL0HmdN7iWoby03T1viWZIeDdJKNyWS', 'thu_ngan', 'Đang làm', '09496211959', '56 Đường u, Đà Nẵng', 'nv21@example.com', '1997-07-06', '2020-12-31'),
(22, 'Vũ Hoàng Long 22', 'nv22', '$2b$10$aU5OxQZ/nud3bBtpliO7ReGL0HmdN7iWoby03T1viWZIeDdJKNyWS', 'nhan_vien_kho', 'Đang làm', '09877195790', '54 Đường v, Hải Phòng', 'nv22@example.com', '1997-02-05', '2024-03-24'),
(23, 'Lê Văn Thành 23', 'nv23', '$2b$10$aU5OxQZ/nud3bBtpliO7ReGL0HmdN7iWoby03T1viWZIeDdJKNyWS', 'thu_ngan', 'Đang làm', '09993389216', '11 Đường w, Cần Thơ', 'nv23@example.com', '1985-05-11', '2021-01-23'),
(24, 'Phạm Hải Yến 24', 'nv24', '$2b$10$aU5OxQZ/nud3bBtpliO7ReGL0HmdN7iWoby03T1viWZIeDdJKNyWS', 'thu_ngan', 'Đang làm', '09739567599', '84 Đường x, Đà Nẵng', 'nv24@example.com', '1995-04-27', '2025-03-03'),
(25, 'Đặng Quang Huy 25', 'nv25', '$2b$10$aU5OxQZ/nud3bBtpliO7ReGL0HmdN7iWoby03T1viWZIeDdJKNyWS', 'quan_ly', 'Đang làm', '09279578410', '12 Đường y, Hải Phòng', 'nv25@example.com', '1988-05-23', '2020-10-08'),
(26, 'Bùi Duy Nam 26', 'nv26', '$2b$10$aU5OxQZ/nud3bBtpliO7ReGL0HmdN7iWoby03T1viWZIeDdJKNyWS', 'thu_ngan', 'Đang làm', '09788522981', '46 Đường z, Hà Nội', 'nv26@example.com', '1983-01-09', '2025-01-29'),
(27, 'Trần Thu Hằng 27', 'nv27', '$2b$10$aU5OxQZ/nud3bBtpliO7ReGL0HmdN7iWoby03T1viWZIeDdJKNyWS', 'thu_ngan', 'Đã nghỉ', '09156391466', '89 Đường {, Hải Phòng', 'nv27@example.com', '1990-12-27', '2023-02-23'),
(28, 'Ngô Đức Minh 28', 'nv28', '$2b$10$aU5OxQZ/nud3bBtpliO7ReGL0HmdN7iWoby03T1viWZIeDdJKNyWS', 'thu_ngan', 'Đang làm', '09332393915', '66 Đường |, TP.HCM', 'nv28@example.com', '1983-07-24', '2021-05-29'),
(29, 'Vũ Hoàng Long 29', 'nv29', '$2b$10$aU5OxQZ/nud3bBtpliO7ReGL0HmdN7iWoby03T1viWZIeDdJKNyWS', 'thu_ngan', 'Đã nghỉ', '09294305410', '75 Đường }, Đà Nẵng', 'nv29@example.com', '1981-09-07', '2022-07-09'),
(30, 'Phạm Hải Yến 30', 'nv30', '$2b$10$aU5OxQZ/nud3bBtpliO7ReGL0HmdN7iWoby03T1viWZIeDdJKNyWS', 'quan_ly', 'Đang làm', '09177898901', '22 Đường ~, Đà Nẵng', 'nv30@example.com', '1997-09-30', '2020-10-18'),
(31, 'Nguyễn Minh Thư 31', 'nv31', '$2b$10$aU5OxQZ/nud3bBtpliO7ReGL0HmdN7iWoby03T1viWZIeDdJKNyWS', 'quan_ly', 'Đang làm', '09610680440', '6 Đường , TP.HCM', 'nv31@example.com', '1996-06-02', '2020-04-07'),
(32, 'Tạ Lan Anh 32', 'nv32', '$2b$10$aU5OxQZ/nud3bBtpliO7ReGL0HmdN7iWoby03T1viWZIeDdJKNyWS', 'nhan_vien_kho', 'Đang làm', '09326233312', '46 Đường , TP.HCM', 'nv32@example.com', '1996-10-31', '2025-05-18'),
(33, 'Phạm Hải Yến 33', 'nv33', '$2b$10$aU5OxQZ/nud3bBtpliO7ReGL0HmdN7iWoby03T1viWZIeDdJKNyWS', 'nhan_vien_kho', 'Đang làm', '09427400314', '80 Đường , Hà Nội', 'nv33@example.com', '1990-08-03', '2023-05-11'),
(34, 'Hoàng Thúy Nga 34', 'nv34', '$2b$10$aU5OxQZ/nud3bBtpliO7ReGL0HmdN7iWoby03T1viWZIeDdJKNyWS', 'thu_ngan', 'Đang làm', '09830428685', '55 Đường , TP.HCM', 'nv34@example.com', '1996-12-27', '2021-01-09'),
(35, 'Hoàng Thúy Nga 35', 'nv35', '$2b$10$aU5OxQZ/nud3bBtpliO7ReGL0HmdN7iWoby03T1viWZIeDdJKNyWS', 'quan_ly', 'Đang làm', '09786722054', '77 Đường , Đà Nẵng', 'nv35@example.com', '1996-03-09', '2024-02-26'),
(36, 'Tạ Lan Anh 36', 'nv36', '$2b$10$aU5OxQZ/nud3bBtpliO7ReGL0HmdN7iWoby03T1viWZIeDdJKNyWS', 'nhan_vien_kho', 'Đang làm', '09801894726', '91 Đường , Cần Thơ', 'nv36@example.com', '1984-07-12', '2020-09-06'),
(37, 'Tạ Lan Anh 37', 'nv37', '$2b$10$aU5OxQZ/nud3bBtpliO7ReGL0HmdN7iWoby03T1viWZIeDdJKNyWS', 'quan_ly', 'Đang làm', '09582919190', '19 Đường , TP.HCM', 'nv37@example.com', '1991-11-18', '2023-10-30'),
(38, 'Tạ Lan Anh 38', 'nv38', '$2b$10$aU5OxQZ/nud3bBtpliO7ReGL0HmdN7iWoby03T1viWZIeDdJKNyWS', 'nhan_vien_kho', 'Đang làm', '09454326571', '16 Đường , Hà Nội', 'nv38@example.com', '1999-04-05', '2020-10-17'),
(39, 'Bùi Duy Nam 39', 'nv39', '$2b$10$aU5OxQZ/nud3bBtpliO7ReGL0HmdN7iWoby03T1viWZIeDdJKNyWS', 'thu_ngan', 'Đang làm', '09150170967', '21 Đường , Hà Nội', 'nv390@example.com', '1999-07-19', '2022-05-02'),
(40, 'Vũ Hoàng Long 40', 'nv40', '$2b$10$aU5OxQZ/nud3bBtpliO7ReGL0HmdN7iWoby03T1viWZIeDdJKNyWS', 'quan_ly', 'Đã nghỉ', '09607783945', '80 Đường , Hà Nội', 'nv40@example.com', '1985-02-04', '2022-05-29'),
(41, 'Đặng Quang Huy 41', 'nv41', '$2b$10$aU5OxQZ/nud3bBtpliO7ReGL0HmdN7iWoby03T1viWZIeDdJKNyWS', 'thu_ngan', 'Đã nghỉ', '09945215171', '80 Đường , Hà Nội', 'nv41@example.com', '1998-10-09', '2020-06-17'),
(42, 'Vũ Hoàng Long 42', 'nv42', '$2b$10$aU5OxQZ/nud3bBtpliO7ReGL0HmdN7iWoby03T1viWZIeDdJKNyWS', 'quan_ly', 'Đang làm', '09608394252', '68 Đường , Cần Thơ', 'nv42@example.com', '1995-09-17', '2024-04-05'),
(43, 'Hoàng Thúy Nga 43', 'nv43', '$2b$10$aU5OxQZ/nud3bBtpliO7ReGL0HmdN7iWoby03T1viWZIeDdJKNyWS', 'quan_ly', 'Đang làm', '09329406549', '46 Đường , Hải Phòng', 'nv43@example.com', '1980-03-10', '2024-07-02'),
(44, 'Hoàng Thúy Nga 44', 'nv44', '$2b$10$aU5OxQZ/nud3bBtpliO7ReGL0HmdN7iWoby03T1viWZIeDdJKNyWS', 'thu_ngan', 'Đang làm', '09207744006', '18 Đường , Cần Thơ', 'nv44@example.com', '1995-02-06', '2021-06-18'),
(45, 'Bùi Duy Nam 45', 'nv45', '$2b$10$aU5OxQZ/nud3bBtpliO7ReGL0HmdN7iWoby03T1viWZIeDdJKNyWS', 'quan_ly', 'Đang làm', '09289623933', '35 Đường , Hà Nội', 'nv45@example.com', '1987-01-13', '2024-01-26'),
(46, 'Hoàng Thúy Nga 46', 'nv46', '$2b$10$aU5OxQZ/nud3bBtpliO7ReGL0HmdN7iWoby03T1viWZIeDdJKNyWS', 'nhan_vien_kho', 'Đang làm', '09557219695', '4 Đường , Hải Phòng', 'nv46@example.com', '1986-08-30', '2020-09-12'),
(47, 'Phạm Hải Yến 47', 'nv47', '$2b$10$aU5OxQZ/nud3bBtpliO7ReGL0HmdN7iWoby03T1viWZIeDdJKNyWS', 'quan_ly', 'Đang làm', '09515642562', '50 Đường , Cần Thơ', 'nv47@example.com', '1985-06-03', '2022-05-09'),
(48, 'Nguyễn Minh Thư 48', 'nv48', '$2b$10$aU5OxQZ/nud3bBtpliO7ReGL0HmdN7iWoby03T1viWZIeDdJKNyWS', 'quan_ly', 'Đã nghỉ', '09797490347', '73 Đường , Đà Nẵng', 'nv48@example.com', '1980-06-13', '2022-10-28'),
(49, 'Ngô Đức Minh 49', 'nv49', '$2b$10$aU5OxQZ/nud3bBtpliO7ReGL0HmdN7iWoby03T1viWZIeDdJKNyWS', 'nhan_vien_kho', 'Đang làm', '09552298232', '42 Đường , TP.HCM', 'nv49@example.com', '1996-02-12', '2024-09-26'),
(50, 'Nguyễn Minh Thư 50', 'nv50', '$2b$10$aU5OxQZ/nud3bBtpliO7ReGL0HmdN7iWoby03T1viWZIeDdJKNyWS', 'thu_ngan', 'Đang làm', '09631658551', '10 Đường , Hà Nội', 'nv50@example.com', '1987-02-17', '2021-11-19'),
(51, 'Nguyễn Hoàng Minh Vương', 'nguyenhoangminhvuong', '$2b$10$y9RO0eQXATuILhjDa6FUNe/MOtwuLIJ0CMuiKYhDNcMtzc/MIDmA.', 'quan_ly', 'Đang làm', '03938883331', 'khánh hòa ', 'nguyenhoangminhvuong@gmail.com', '2004-08-25', '2025-08-18'),
(52, 'Trương Thị Uyên Chi', 'uyenchi', '$2b$10$53zi46jh2G1O/T/g.F7DROp3Ri0q1YGvl8x2DNM9sPLCEz1cWdEvC', 'thu_ngan', 'Đang làm', '0974413401', 'khánh hòa', 'tchi2@gmail.com', '2006-02-15', '2025-08-18'),
(90, 'Nguyen Van A', '', '', 'quan_ly', 'Đang làm', NULL, NULL, NULL, NULL, NULL);

-- --------------------------------------------------------

--
-- Cấu trúc bảng cho bảng `nha_cung_cap`
--

CREATE TABLE `nha_cung_cap` (
  `id` int(11) NOT NULL,
  `ten_nha_cung_cap` varchar(100) DEFAULT NULL,
  `so_dien_thoai` varchar(15) DEFAULT NULL,
  `dia_chi` text DEFAULT NULL
) ENGINE=InnoDB DEFAULT CHARSET=utf8mb4 COLLATE=utf8mb4_unicode_ci;

--
-- Đang đổ dữ liệu cho bảng `nha_cung_cap`
--

INSERT INTO `nha_cung_cap` (`id`, `ten_nha_cung_cap`, `so_dien_thoai`, `dia_chi`) VALUES
(151, 'Công ty Việt Phát 1', '09619951885', '48 Phố A, Hải Phòng'),
(152, 'Công ty Hoàng Gia 2', '09492450987', '90 Phố B, Cần Thơ'),
(153, 'Công ty An Phát 3', '09169961419', '97 Phố C, TP.HCM'),
(154, 'Công ty Việt Phát 4', '09332949454', '44 Phố D, Đà Nẵng'),
(155, 'Công ty Hoàng Gia 5', '09263972274', '36 Phố E, Cần Thơ'),
(156, 'Công ty Việt Phát 6', '09201736929', '46 Phố F, TP.HCM'),
(157, 'Công ty Hoàng Gia 7', '09346443803', '27 Phố G, Hà Nội'),
(158, 'Công ty Hoàng Gia 8', '09315592925', '64 Phố H, TP.HCM'),
(159, 'Công ty Hoàng Gia 9', '09423585633', '24 Phố I, Cần Thơ'),
(160, 'Công ty Việt Phát 10', '09299891172', '7 Phố J, Hải Phòng'),
(161, 'Công ty Hoàng Gia 11', '09505114316', '95 Phố K, TP.HCM'),
(162, 'Công ty An Phát 12', '09359304468', '36 Phố L, TP.HCM'),
(163, 'Công ty Minh Khôi 13', '09257925851', '43 Phố M, Hải Phòng'),
(164, 'Công ty Hoàng Gia 14', '09883527395', '26 Phố N, Đà Nẵng'),
(165, 'Công ty An Phát 15', '09277446131', '45 Phố O, TP.HCM'),
(166, 'Công ty Việt Phát 16', '09148716539', '21 Phố P, Cần Thơ'),
(167, 'Công ty Hoàng Gia 17', '09900981668', '75 Phố Q, Hải Phòng'),
(168, 'Công ty Thái Bình Dương 18', '09829250811', '94 Phố R, TP.HCM'),
(169, 'Công ty Minh Khôi 19', '09783045129', '92 Phố S, TP.HCM'),
(170, 'Công ty Việt Phát 20', '09357370124', '5 Phố T, Đà Nẵng'),
(171, 'Công ty An Phát 21', '09417259659', '46 Phố U, Cần Thơ'),
(172, 'Công ty Minh Khôi 22', '09579342274', '39 Phố V, Hải Phòng'),
(173, 'Công ty An Phát 23', '09771427146', '39 Phố W, TP.HCM'),
(174, 'Công ty Hoàng Gia 24', '09342107937', '72 Phố X, Đà Nẵng'),
(175, 'Công ty Hoàng Gia 25', '09746328026', '32 Phố Y, Cần Thơ'),
(176, 'Công ty Thái Bình Dương 26', '09212364766', '14 Phố Z, Hải Phòng'),
(177, 'Công ty Việt Phát 27', '09757754903', '79 Phố [, Đà Nẵng'),
(178, 'Công ty An Phát 28', '09201110369', '5 Phố \\, Hà Nội'),
(179, 'Công ty Thái Bình Dương 29', '09857505582', '87 Phố ], Hà Nội'),
(180, 'Công ty An Phát 30', '09842856459', '90 Phố ^, Hải Phòng'),
(181, 'Công ty Minh Khôi 31', '09129419268', '90 Phố _, Hải Phòng'),
(182, 'Công ty Minh Khôi 32', '09245552563', '37 Phố `, Hà Nội'),
(183, 'Công ty Việt Phát 33', '09416554038', '95 Phố a, Hải Phòng'),
(184, 'Công ty Thái Bình Dương 34', '09644478925', '35 Phố b, Đà Nẵng'),
(185, 'Công ty Minh Khôi 35', '09521742149', '76 Phố c, Hải Phòng'),
(186, 'Công ty Minh Khôi 36', '09232694482', '11 Phố d, Hải Phòng'),
(187, 'Công ty Việt Phát 37', '09514363737', '80 Phố e, TP.HCM'),
(188, 'Công ty An Phát 38', '09894387668', '29 Phố f, Hải Phòng'),
(189, 'Công ty Hoàng Gia 39', '09349513783', '15 Phố g, Hải Phòng'),
(190, 'Công ty Hoàng Gia 40', '09706134235', '47 Phố h, TP.HCM'),
(191, 'Công ty Thái Bình Dương 41', '09845547852', '53 Phố i, Hải Phòng'),
(192, 'Công ty Việt Phát 42', '09136895042', '40 Phố j, Đà Nẵng'),
(193, 'Công ty Thái Bình Dương 43', '09476950642', '39 Phố k, Cần Thơ'),
(194, 'Công ty Minh Khôi 44', '09484383634', '55 Phố l, Hà Nội'),
(195, 'Công ty Hoàng Gia 45', '09765816786', '81 Phố m, Hà Nội'),
(196, 'Công ty Minh Khôi 46', '09749453596', '95 Phố n, TP.HCM'),
(197, 'Công ty Hoàng Gia 47', '09187012568', '54 Phố o, Hà Nội'),
(198, 'Công ty Việt Phát 48', '09501978512', '96 Phố p, Đà Nẵng'),
(199, 'Công ty Việt Phát 49', '09643138981', '81 Phố q, TP.HCM'),
(200, 'Công ty Thái Bình Dương 50', '09528792247', '60 Phố r, Đà Nẵng');

-- --------------------------------------------------------

--
-- Cấu trúc bảng cho bảng `phieu_nhap`
--

CREATE TABLE `phieu_nhap` (
  `id` int(11) NOT NULL,
  `id_nha_cung_cap` int(11) DEFAULT NULL,
  `ngay_nhap` datetime DEFAULT current_timestamp(),
  `id_nhan_vien` int(11) DEFAULT NULL
) ENGINE=InnoDB DEFAULT CHARSET=utf8mb4 COLLATE=utf8mb4_unicode_ci;

--
-- Đang đổ dữ liệu cho bảng `phieu_nhap`
--

INSERT INTO `phieu_nhap` (`id`, `id_nha_cung_cap`, `ngay_nhap`, `id_nhan_vien`) VALUES
(1, 185, '2025-07-28 22:32:15', 6),
(2, 155, '2025-08-01 07:49:18', 16),
(3, 188, '2025-07-11 19:39:10', 6),
(4, 156, '2025-07-24 03:29:42', 32),
(5, 162, '2025-08-03 07:18:41', 3),
(6, 184, '2025-07-25 09:21:24', 18),
(7, 156, '2025-07-08 22:10:35', 49),
(8, 194, '2025-07-22 13:31:41', 46),
(9, 186, '2025-07-20 22:59:11', 18),
(10, 177, '2025-07-24 23:42:26', 16),
(11, 191, '2025-07-12 10:27:38', 3),
(12, 178, '2025-07-27 10:33:25', 13),
(13, 159, '2025-07-24 01:45:07', 3),
(14, 168, '2025-07-27 15:26:56', 22),
(15, 170, '2025-07-21 04:57:59', 22),
(16, 158, '2025-08-04 09:42:47', 49),
(17, 153, '2025-07-01 07:59:22', 6),
(18, 181, '2025-07-03 04:13:33', 36),
(19, 160, '2025-07-17 13:09:32', 46),
(20, 157, '2025-07-15 05:41:48', 13),
(21, 199, '2025-08-01 18:10:02', 38),
(22, 171, '2025-07-05 13:55:37', 32),
(23, 197, '2025-07-28 03:01:05', 22),
(24, 181, '2025-07-20 23:47:58', 16),
(25, 199, '2025-07-29 02:42:01', 6),
(26, 170, '2025-08-05 12:21:28', 36),
(27, 158, '2025-07-05 17:36:19', 13),
(28, 192, '2025-07-04 01:38:51', 36),
(29, 175, '2025-07-14 17:35:30', 18),
(30, 185, '2025-07-20 08:25:07', 22),
(31, 163, '2025-08-05 11:10:59', 18),
(32, 158, '2025-07-13 06:41:13', 32),
(33, 192, '2025-07-27 20:14:32', 16),
(34, 161, '2025-07-28 10:02:32', 13),
(35, 174, '2025-07-10 09:29:32', 13),
(36, 152, '2025-08-07 15:51:39', 33),
(37, 180, '2025-08-07 22:40:12', 6),
(38, 155, '2025-07-29 13:21:58', 36),
(39, 176, '2025-07-28 12:39:20', 49),
(40, 196, '2025-07-11 06:39:32', 22),
(41, 169, '2025-07-13 07:56:31', 22),
(42, 166, '2025-07-24 20:05:04', 18),
(43, 182, '2025-08-07 20:47:46', 46),
(44, 161, '2025-07-20 08:02:22', 22),
(45, 188, '2025-07-14 15:23:02', 3),
(46, 185, '2025-08-07 18:41:07', 33),
(47, 164, '2025-07-02 08:08:26', 36),
(48, 196, '2025-07-12 13:46:27', 6),
(49, 189, '2025-07-19 01:30:29', 3),
(50, 191, '2025-07-31 03:02:51', 33);

-- --------------------------------------------------------

--
-- Cấu trúc bảng cho bảng `san_pham`
--

CREATE TABLE `san_pham` (
  `id` int(11) NOT NULL,
  `ten_san_pham` varchar(100) DEFAULT NULL,
  `ma_san_pham` varchar(50) DEFAULT NULL,
  `don_vi_tinh` varchar(50) DEFAULT NULL,
  `gia_ban` decimal(10,2) DEFAULT NULL,
  `so_luong` int(11) DEFAULT 0,
  `trang_thai` enum('DANG_KINH_DOANH','NGUNG_KINH_DOANH','AN') NOT NULL DEFAULT 'DANG_KINH_DOANH',
  `ngay_tao` datetime DEFAULT current_timestamp(),
  `ngay_cap_nhat` datetime DEFAULT current_timestamp() ON UPDATE current_timestamp()
) ENGINE=InnoDB DEFAULT CHARSET=utf8mb4 COLLATE=utf8mb4_unicode_ci;

--
-- Đang đổ dữ liệu cho bảng `san_pham`
--

INSERT INTO `san_pham` (`id`, `ten_san_pham`, `ma_san_pham`, `don_vi_tinh`, `gia_ban`, `so_luong`, `trang_thai`, `ngay_tao`) VALUES
(151, 'Sữa tươi Vinamilk loại 1', 'SP001', 'Gói', 40000.00, 8, 'DANG_KINH_DOANH', '2025-08-31 08:30:25'),
(152, 'Bánh Orion ChocoPie loại 2', 'SP002', 'Lon', 35000.00, 158, 'DANG_KINH_DOANH', '2025-08-31 08:30:25'),
(153, 'Bánh snack Oishi loại 3', 'SP003', 'Kg', 19000.00, 184, 'DANG_KINH_DOANH', '2025-08-31 08:30:25'),
(154, 'Bánh snack Oishi loại 4', 'SP004', 'Chai', 43000.00, 8, 'DANG_KINH_DOANH', '2025-08-31 08:30:25'),
(155, 'Nước ngọt Coca loại 5', 'SP005', 'Hộp', 29000.00, 36, 'DANG_KINH_DOANH', '2025-08-31 08:30:25'),
(156, 'Sữa tươi Vinamilk loại 6', 'SP006', 've chai', 40000.00, 99, 'DANG_KINH_DOANH', '2025-08-31 08:30:25'),
(158, 'Bánh snack Oishi loại 8', 'SP008', 'Chai', 12000.00, 76, 'DANG_KINH_DOANH', '2025-08-31 08:30:25'),
(159, 'Bánh snack Oishi loại 9', 'SP009', 'Cái', 21000.00, 105, 'DANG_KINH_DOANH', '2025-08-31 08:30:25'),
(161, 'Bánh snack Oishi loại 11', 'SP011', 'Cái', 42000.00, 121, 'DANG_KINH_DOANH', '2025-08-31 08:30:25'),
(162, 'Mì tôm Hảo Hảo loại 12', 'SP012', 'Chai', 7000.00, 127, 'DANG_KINH_DOANH', '2025-08-31 08:30:25'),
(163, 'Bánh snack Oishi loại 13', 'SP013', 'Cái', 14000.00, 179, 'DANG_KINH_DOANH', '2025-08-31 08:30:25'),
(164, 'Nước ngọt Coca loại 14', 'SP014', 'Chai', 21000.00, 25, 'DANG_KINH_DOANH', '2025-08-31 08:30:25'),
(165, 'Mì tôm Hảo Hảo loại 15', 'SP015', 'Gói', 47000.00, 111, 'DANG_KINH_DOANH', '2025-08-31 08:30:25'),
(166, 'Sữa tươi Vinamilk loại 16', 'SP016', 'Cái', 30000.00, 109, 'DANG_KINH_DOANH', '2025-08-31 08:30:25'),
(167, 'Bánh snack Oishi loại 17', 'SP017', 'Chai', 30000.00, 122, 'DANG_KINH_DOANH', '2025-08-31 08:30:25'),
(168, 'Nước ngọt Coca loại 18', 'SP018', 'Lon', 27000.00, 52, 'DANG_KINH_DOANH', '2025-08-31 08:30:25'),
(169, 'Nước ngọt Coca loại 19', 'SP019', 'Cái', 12000.00, 22, 'DANG_KINH_DOANH', '2025-08-31 08:30:25'),
(170, 'Bánh snack Oishi loại 20', 'SP020', 'Gói', 18000.00, 139, 'DANG_KINH_DOANH', '2025-08-31 08:30:25'),
(171, 'Nước ngọt Coca loại 21', 'SP021', 'Chai', 38000.00, 129, 'DANG_KINH_DOANH', '2025-08-31 08:30:25'),
(172, 'Bánh snack Oishi loại 22', 'SP022', 'Chai', 38000.00, 195, 'DANG_KINH_DOANH', '2025-08-31 08:30:25'),
(173, 'Nước ngọt Coca loại 23', 'SP023', 'Cái', 20000.00, 98, 'DANG_KINH_DOANH', '2025-08-31 08:30:25'),
(174, 'Kem đánh răng P/S loại 24', 'SP024', 'Lon', 38000.00, 162, 'DANG_KINH_DOANH', '2025-08-31 08:30:25'),
(175, 'Mì tôm Hảo Hảo loại 25', 'SP025', 'Hộp', 37000.00, 100, 'DANG_KINH_DOANH', '2025-08-31 08:30:25'),
(176, 'Nước ngọt Coca loại 26', 'SP026', 'Chai', 36000.00, 173, 'DANG_KINH_DOANH', '2025-08-31 08:30:25'),
(177, 'Sữa tươi Vinamilk loại 27', 'SP027', 'Kg', 6000.00, 13, 'DANG_KINH_DOANH', '2025-08-31 08:30:25'),
(178, 'Bánh snack Oishi loại 28', 'SP028', 'Chai', 20000.00, 115, 'DANG_KINH_DOANH', '2025-08-31 08:30:25'),
(179, 'Sữa tươi Vinamilk loại 29', 'SP029', 'Gói', 7000.00, 125, 'DANG_KINH_DOANH', '2025-08-31 08:30:25'),
(180, 'Mì tôm Hảo Hảo loại 30', 'SP030', 'Hộp', 49000.00, 113, 'DANG_KINH_DOANH', '2025-08-31 08:30:25'),
(181, 'Bánh Orion ChocoPie loại 31', 'SP031', 'Chai', 35000.00, 170, 'DANG_KINH_DOANH', '2025-08-31 08:30:25'),
(182, 'Mì tôm Hảo Hảo loại 32', 'SP032', 'Chai', 20000.00, 158, 'DANG_KINH_DOANH', '2025-08-31 08:30:25'),
(183, 'Bánh Orion ChocoPie loại 33', 'SP033', 'Hộp', 26000.00, 110, 'DANG_KINH_DOANH', '2025-08-31 08:30:25'),
(184, 'Kem đánh răng P/S loại 34', 'SP034', 'Gói', 41000.00, 173, 'DANG_KINH_DOANH', '2025-08-31 08:30:25'),
(185, 'Nước ngọt Coca loại 35', 'SP035', 'Cái', 25000.00, 51, 'DANG_KINH_DOANH', '2025-08-31 08:30:25'),
(186, 'Kem đánh răng P/S loại 36', 'SP036', 'Chai', 48000.00, 54, 'DANG_KINH_DOANH', '2025-08-31 08:30:25'),
(187, 'Bánh snack Oishi loại 37', 'SP037', 'Gói', 40000.00, 64, 'DANG_KINH_DOANH', '2025-08-31 08:30:25'),
(188, 'Kem đánh răng P/S loại 38', 'SP038', 'Chai', 20000.00, 95, 'DANG_KINH_DOANH', '2025-08-31 08:30:25'),
(189, 'Bánh snack Oishi loại 39', 'SP039', 'Hộp', 19000.00, 120, 'DANG_KINH_DOANH', '2025-08-31 08:30:25'),
(190, 'Nước ngọt Coca loại 40', 'SP040', 'Cái', 26000.00, 37, 'DANG_KINH_DOANH', '2025-08-31 08:30:25'),
(191, 'Bánh Orion ChocoPie loại 41', 'SP041', 'Kg', 17000.00, 32, 'DANG_KINH_DOANH', '2025-08-31 08:30:25'),
(192, 'Nước ngọt Coca loại 42', 'SP042', 'Lon', 5000.00, 45, 'DANG_KINH_DOANH', '2025-08-31 08:30:25'),
(193, 'Mì tôm Hảo Hảo loại 43', 'SP043', 'Chai', 28000.00, 55, 'DANG_KINH_DOANH', '2025-08-31 08:30:25'),
(194, 'Bánh snack Oishi loại 44', 'SP044', 'Lon', 16000.00, 111, 'DANG_KINH_DOANH', '2025-08-31 08:30:25'),
(195, 'Mì tôm Hảo Hảo loại 45', 'SP045', 'Cái', 43000.00, 127, 'DANG_KINH_DOANH', '2025-08-31 08:30:25'),
(196, 'Bánh snack Oishi loại 46', 'SP046', 'Lon', 17000.00, 159, 'DANG_KINH_DOANH', '2025-08-31 08:30:25'),
(197, 'Bánh snack Oishi loại 47', 'SP047', 'Gói', 35000.00, 91, 'DANG_KINH_DOANH', '2025-08-31 08:30:25'),
(198, 'Sữa tươi Vinamilk loại 48', 'SP048', 'Lon', 39000.00, 133, 'DANG_KINH_DOANH', '2025-08-31 08:30:25'),
(199, 'Mì tôm Hảo Hảo loại 49', 'SP049', 'Cái', 21000.00, 171, 'DANG_KINH_DOANH', '2025-08-31 08:30:25'),
(200, 'Bánh Orion ChocoPie loại 50', 'SP050', 'Chai', 22000.00, 106, 'DANG_KINH_DOANH', '2025-08-31 08:30:25'),
(201, 'Nước rửa chén ', 'RC001', 'Hộp', 770000.00, 50, 'DANG_KINH_DOANH', '2025-08-31 08:34:25'),
(202, 'bánh quy siêu nhân', 'SN0001', 'Thùng', 5000.00, 6, 'DANG_KINH_DOANH', '2025-09-02 06:46:29'),
(203, 'Dầu đậu nành Happi Soya chai 1 lít', 'SP200', 'Chai', 449000.00, 10, 'DANG_KINH_DOANH', '2025-09-07 15:08:56'),
(204, 'nước khoáng La Vie 500ml vị dịu nhẹ', 'NUOC12', 'Chai ', 6000.00, 60, 'DANG_KINH_DOANH', '2025-09-07 15:10:29'),
(205, 'sữa tươi vinamilk', 'ST001', 'Thùng', 500000.00, 1, 'DANG_KINH_DOANH', '2025-09-08 00:58:12');

-- --------------------------------------------------------

--
-- Cấu trúc bảng cho bảng `user`
--

CREATE TABLE `user` (
  `id` int(11) NOT NULL,
  `name` varchar(100) NOT NULL,
  `email` varchar(100) NOT NULL,
  `password` varchar(255) NOT NULL,
  `created_at` timestamp NOT NULL DEFAULT current_timestamp()
) ENGINE=InnoDB DEFAULT CHARSET=utf8mb4 COLLATE=utf8mb4_unicode_ci;

-- --------------------------------------------------------

--
-- Cấu trúc bảng cho bảng `_prisma_migrations`
--

CREATE TABLE `_prisma_migrations` (
  `id` varchar(36) NOT NULL,
  `checksum` varchar(64) NOT NULL,
  `finished_at` datetime(3) DEFAULT NULL,
  `migration_name` varchar(255) NOT NULL,
  `logs` text DEFAULT NULL,
  `rolled_back_at` datetime(3) DEFAULT NULL,
  `started_at` datetime(3) NOT NULL DEFAULT current_timestamp(3),
  `applied_steps_count` int(10) UNSIGNED NOT NULL DEFAULT 0
) ENGINE=InnoDB DEFAULT CHARSET=utf8mb4 COLLATE=utf8mb4_unicode_ci;

--
-- Đang đổ dữ liệu cho bảng `_prisma_migrations`
--

INSERT INTO `_prisma_migrations` (`id`, `checksum`, `finished_at`, `migration_name`, `logs`, `rolled_back_at`, `started_at`, `applied_steps_count`) VALUES
('5f1ed5e7-3890-4ecf-afb7-f098a168f62a', 'a1fa3c918050cbb8e7783475ed312b6d213b2f28afbd36aebee47e3d7ce60f1a', '2025-08-31 07:52:41.704', '20250808135018_init', NULL, NULL, '2025-08-31 07:52:41.421', 1),
('e403bd40-40b7-40cb-986b-83a721867f64', 'b4dd67f7827b931fcc001ec78ee3ef292689c719b8df8763c83c9f78f29af3f0', '2025-08-31 07:56:08.525', '20250831075608_update_nhanvien_trangthai_enum', NULL, NULL, '2025-08-31 07:56:08.317', 1);

--
-- Chỉ mục cho các bảng đã đổ
--

--
-- Chỉ mục cho bảng `chi_tiet_hoa_don_ban`
--
ALTER TABLE `chi_tiet_hoa_don_ban`
  ADD PRIMARY KEY (`id`),
  ADD KEY `id_hoa_don` (`id_hoa_don`),
  ADD KEY `id_san_pham` (`id_san_pham`);

--
-- Chỉ mục cho bảng `chi_tiet_phieu_nhap`
--
ALTER TABLE `chi_tiet_phieu_nhap`
  ADD PRIMARY KEY (`id`),
  ADD KEY `id_phieu_nhap` (`id_phieu_nhap`),
  ADD KEY `id_san_pham` (`id_san_pham`);

--
-- Chỉ mục cho bảng `hoa_don_ban`
--
ALTER TABLE `hoa_don_ban`
  ADD PRIMARY KEY (`id`),
  ADD KEY `id_nhan_vien` (`id_nhan_vien`);

--
-- Chỉ mục cho bảng `nhan_vien`
--
ALTER TABLE `nhan_vien`
  ADD PRIMARY KEY (`id`),
  ADD UNIQUE KEY `nhan_vien_tai_khoan_key` (`tai_khoan`),
  ADD UNIQUE KEY `nhan_vien_email_key` (`email`),
  ADD KEY `tai_khoan` (`tai_khoan`);

--
-- Chỉ mục cho bảng `nha_cung_cap`
--
ALTER TABLE `nha_cung_cap`
  ADD PRIMARY KEY (`id`);

--
-- Chỉ mục cho bảng `phieu_nhap`
--
ALTER TABLE `phieu_nhap`
  ADD PRIMARY KEY (`id`),
  ADD KEY `id_nha_cung_cap` (`id_nha_cung_cap`),
  ADD KEY `id_nhan_vien` (`id_nhan_vien`);

--
-- Chỉ mục cho bảng `san_pham`
--
ALTER TABLE `san_pham`
  ADD PRIMARY KEY (`id`),
  ADD UNIQUE KEY `ma_san_pham` (`ma_san_pham`);

--
-- Chỉ mục cho bảng `user`
--
ALTER TABLE `user`
  ADD PRIMARY KEY (`id`),
  ADD UNIQUE KEY `email` (`email`);

--
-- Chỉ mục cho bảng `_prisma_migrations`
--
ALTER TABLE `_prisma_migrations`
  ADD PRIMARY KEY (`id`);

--
-- AUTO_INCREMENT cho các bảng đã đổ
--

--
-- AUTO_INCREMENT cho bảng `chi_tiet_hoa_don_ban`
--
ALTER TABLE `chi_tiet_hoa_don_ban`
  MODIFY `id` int(11) NOT NULL AUTO_INCREMENT, AUTO_INCREMENT=181;

--
-- AUTO_INCREMENT cho bảng `chi_tiet_phieu_nhap`
--
ALTER TABLE `chi_tiet_phieu_nhap`
  MODIFY `id` int(11) NOT NULL AUTO_INCREMENT, AUTO_INCREMENT=143;

--
-- AUTO_INCREMENT cho bảng `hoa_don_ban`
--
ALTER TABLE `hoa_don_ban`
  MODIFY `id` int(11) NOT NULL AUTO_INCREMENT, AUTO_INCREMENT=128;

--
-- AUTO_INCREMENT cho bảng `nhan_vien`
--
ALTER TABLE `nhan_vien`
  MODIFY `id` int(11) NOT NULL AUTO_INCREMENT, AUTO_INCREMENT=91;

--
-- AUTO_INCREMENT cho bảng `nha_cung_cap`
--
ALTER TABLE `nha_cung_cap`
  MODIFY `id` int(11) NOT NULL AUTO_INCREMENT, AUTO_INCREMENT=201;

--
-- AUTO_INCREMENT cho bảng `phieu_nhap`
--
ALTER TABLE `phieu_nhap`
  MODIFY `id` int(11) NOT NULL AUTO_INCREMENT, AUTO_INCREMENT=51;

--
-- AUTO_INCREMENT cho bảng `san_pham`
--
ALTER TABLE `san_pham`
  MODIFY `id` int(11) NOT NULL AUTO_INCREMENT, AUTO_INCREMENT=206;

--
-- AUTO_INCREMENT cho bảng `user`
--
ALTER TABLE `user`
  MODIFY `id` int(11) NOT NULL AUTO_INCREMENT;

--
-- Các ràng buộc cho các bảng đã đổ
--

--
-- Các ràng buộc cho bảng `chi_tiet_hoa_don_ban`
--
ALTER TABLE `chi_tiet_hoa_don_ban`
  ADD CONSTRAINT `chi_tiet_hoa_don_ban_ibfk_1` FOREIGN KEY (`id_hoa_don`) REFERENCES `hoa_don_ban` (`id`) ON DELETE CASCADE ON UPDATE CASCADE,
  ADD CONSTRAINT `chi_tiet_hoa_don_ban_ibfk_2` FOREIGN KEY (`id_san_pham`) REFERENCES `san_pham` (`id`) ON DELETE CASCADE ON UPDATE CASCADE;

--
-- Các ràng buộc cho bảng `chi_tiet_phieu_nhap`
--
ALTER TABLE `chi_tiet_phieu_nhap`
  ADD CONSTRAINT `chi_tiet_phieu_nhap_ibfk_1` FOREIGN KEY (`id_phieu_nhap`) REFERENCES `phieu_nhap` (`id`) ON DELETE CASCADE ON UPDATE CASCADE,
  ADD CONSTRAINT `chi_tiet_phieu_nhap_ibfk_2` FOREIGN KEY (`id_san_pham`) REFERENCES `san_pham` (`id`) ON DELETE CASCADE ON UPDATE CASCADE;

--
-- Các ràng buộc cho bảng `hoa_don_ban`
--
ALTER TABLE `hoa_don_ban`
  ADD CONSTRAINT `hoa_don_ban_ibfk_1` FOREIGN KEY (`id_nhan_vien`) REFERENCES `nhan_vien` (`id`) ON DELETE SET NULL ON UPDATE CASCADE;

--
-- Các ràng buộc cho bảng `phieu_nhap`
--
ALTER TABLE `phieu_nhap`
  ADD CONSTRAINT `phieu_nhap_ibfk_1` FOREIGN KEY (`id_nha_cung_cap`) REFERENCES `nha_cung_cap` (`id`),
  ADD CONSTRAINT `phieu_nhap_ibfk_2` FOREIGN KEY (`id_nhan_vien`) REFERENCES `nhan_vien` (`id`) ON DELETE SET NULL ON UPDATE CASCADE;
COMMIT;

/*!40101 SET CHARACTER_SET_CLIENT=@OLD_CHARACTER_SET_CLIENT */;
/*!40101 SET CHARACTER_SET_RESULTS=@OLD_CHARACTER_SET_RESULTS */;
/*!40101 SET COLLATION_CONNECTION=@OLD_COLLATION_CONNECTION */;
